{"_id": "1579079195199623170", "value": {"topic_id": 28, "probability": 0.22830742597579956, "topic_info": {"Topic": 28, "Count": 156, "Name": "28_sarcasm_humor_sarcastic_detection", "Representation": ["sarcasm", "humor", "sarcastic", "detection", "humorous", "tweets", "context", "sentiment", "dataset", "social"], "POS": [["sarcasm", 0.08082620298021785], ["humor", 0.048416662520153], ["sarcastic", 0.02523796698598113], ["detection", 0.023646974927298742], ["humorous", 0.016509352027765704], ["tweets", 0.011441132715514599], ["context", 0.010319858293216683], ["sentiment", 0.00951118718932288], ["dataset", 0.008820169892471212], ["social", 0.008282881237570277]], "KeyBERTInspired": [["humor", 0.43861401081085205], ["sentiment analysis", 0.41278696060180664], ["sentiment", 0.3936593532562256], ["sarcastic", 0.3909044861793518], ["sarcasm", 0.3409055769443512], ["laughter", 0.33142030239105225], ["contextual", 0.3225066065788269], ["humorous", 0.314626544713974], ["figurative language", 0.2829211354255676], ["text", 0.2806280255317688]], "MMR": [["sarcasm", 0.08082620298021785], ["humor", 0.048416662520153], ["sarcastic", 0.02523796698598113], ["detection", 0.023646974927298742], ["humorous", 0.016509352027765704], ["tweets", 0.011441132715514599], ["context", 0.010319858293216683], ["sentiment", 0.00951118718932288], ["dataset", 0.008820169892471212], ["social", 0.008282881237570277]], "KeyBERT + MMR": [["humor", 0.43861401081085205], ["sentiment analysis", 0.41278696060180664], ["sentiment", 0.3936593532562256], ["sarcastic", 0.3909044861793518], ["sarcasm", 0.3409055769443512], ["laughter", 0.33142030239105225], ["contextual", 0.3225066065788269], ["humorous", 0.314626544713974], ["figurative language", 0.2829211354255676], ["text", 0.2806280255317688]], "OpenAI_Label": [["Automatic Sarcasm Detection in Textual Data and Its Importance in Sentiment Analysis and Social Networks", 1]], "OpenAI_Summary": [["This topic explores the use of sentiment analysis to detect sarcasm and humorous figurative language in textual data. It highlights the challenges of detecting sarcasm in sentiment-bearing text and the distinction between intended and perceived sarcasm. The documents in this topic investigate different approaches to detecting sarcasm and the verbal and non-verbal cues that can be used to express it. The role of social networks in mass-producing new avenues of socialization and communication is also discussed.", 1]], "Representative_Docs": NaN}}}