{"total": 2750, "mentalhealthtweets": 3, "analyzed_at": 1693902041.6635015}
{"total": 2701, "mentalhealthtweets": 2, "analyzed_at": 1693902328.2943225}
{"total": 2917, "mentalhealthtweets": 7, "analyzed_at": 1693902859.9033651}
{"total": 13601, "mentalhealthtweets": 28, "analyzed_at": 1693905808.2942133}
{"total": 0, "mentalhealthtweets": 0, "analyzed_at": 1694678546.424399}
{"total": 11197, "mentalhealthtweets": 8, "analyzed_at": 1694702705.2115388}

{"total_tweets_count": 11476, "mental_health_related_tweets_count": 23, "analyzed_at": 1694714776.703432}
{"total_tweets_count": 11152, "mental_health_related_tweets_count": 21, "analyzed_at": 1694717300.0758693}
{"total_tweets_count": 12160, "mental_health_related_tweets_count": 49, "analyzed_at": 1694858516.9403207}
{"total_tweets_count": 2622, "mental_health_related_tweets_count": 8, "analyzed_at": 1694972589.762179}
{"total_tweets_count": 2421, "mental_health_related_tweets_count": 13, "analyzed_at": 1694975427.8660698}
{"total_tweets_count": 2268, "mental_health_related_tweets_count": 0, "analyzed_at": 1694977415.7908597}
{"total_tweets_count": 2067, "mental_health_related_tweets_count": 9, "analyzed_at": 1694979435.7758248}
{"total_tweets_count": 11389, "mental_health_related_tweets_count": 56, "analyzed_at": 1695040381.905641}
{"total_tweets_count": 56, "mental_health_related_tweets_count": 56, "analyzed_at": 1695256753.9141788}
{"total_tweets_count": 4676, "mental_health_related_tweets_count": 4676, "analyzed_at": 1695395786.7862868}
{"total_tweets_count": 4676, "mental_health_related_tweets_count": 4676, "analyzed_at": 1695396569.878315}
{"total_tweets_count": 4676, "mental_health_related_tweets_count": 4676, "analyzed_at": 1695397355.23361}
{"total_tweets_count": 4676, "mental_health_related_tweets_count": 4676, "analyzed_at": 1695397704.5280533}