{"Under 18": 2750,"19 - 29": 2750,"30 - 39": 2750,"40 and above": 2340,  "analyzed_at": 1693902041.6635015}
{"Under 18": 2750,"19 - 29": 2750,"30 - 39": 2750,"40 and above": 4,  "analyzed_at": 1693902328.2943225}
{"Under 18": 2750,"19 - 29": 2750,"30 - 39": 2750,"40 and above": 7,  "analyzed_at": 1693902859.9033651}
{"Under 18": 2750,"19 - 29": 2750,"30 - 39": 2750,"40 and above": 8,  "analyzed_at": 1693905808.2942133}
{"Under 18": 2750,"19 - 29": 2750,"30 - 39": 2750,"40 and above": 2750,  "analyzed_at": 1694678546.424399}
{"Under 18": 2750,"19 - 29": 2750,"30 - 39": 2750,"40 and above": 1250,  "analyzed_at": 1694702705.2115388}