{"total": 2750, "mentalhealthtweets": 3, "analyzed_at": 1693902041.6635015}
{"total": 2701, "mentalhealthtweets": 2, "analyzed_at": 1693902328.2943225}
{"total": 2917, "mentalhealthtweets": 7, "analyzed_at": 1693902859.9033651}
{"total": 13601, "mentalhealthtweets": 28, "analyzed_at": 1693905808.2942133}
{"total": 0, "mentalhealthtweets": 0, "analyzed_at": 1694678546.424399}
{"total": 11197, "mentalhealthtweets": 8, "analyzed_at": 1694702705.2115388}

{"total_tweets_count": 11476, "mental_health_related_tweets_count": 23, "analyzed_at": 1694714776.703432}
{"total_tweets_count": 11152, "mental_health_related_tweets_count": 21, "analyzed_at": 1694717300.0758693}
{"total_tweets_count": 12160, "mental_health_related_tweets_count": 49, "analyzed_at": 1694858516.9403207}