{"Positive": 2750, "Negative": 3, "Neutral" : 3, "analyzed_at": 1693902041.6635015}
{"Positive": 2750, "Negative": 3, "Neutral" : 3, "analyzed_at": 1693902328.2943225}
{"Positive": 2750, "Negative": 3, "Neutral" : 3, "analyzed_at": 1693902859.9033651}
{"Positive": 2750, "Negative": 3, "Neutral" : 3, "analyzed_at": 1693905808.2942133}
{"Positive": 2750, "Negative": 3, "Neutral" : 3, "analyzed_at": 1694678546.424399}
{"Positive": 2750, "Negative": 3, "Neutral" : 3, "analyzed_at": 1694702705.2115388}
