{"total": 2750, "mentalhealthtweets": 3, "analyzed_at": 1693902041.6635015}{"total": 2701, "mentalhealthtweets": 2, "analyzed_at": 1693902328.2943225}{"total": 2917, "mentalhealthtweets": 7, "analyzed_at": 1693902859.9033651}{"total": 13601, "mentalhealthtweets": 28, "analyzed_at": 1693905808.2942133}"\n"{"total": 0, "mentalhealthtweets": 0, "analyzed_at": 1694678546.424399}"\n"