{"Female": 2750, "Male": 3, "analyzed_at": 1693902041.6635015}
{"Female": 2701, "Male": 2, "analyzed_at": 1693902328.2943225}
{"Female": 2917, "Male": 7, "analyzed_at": 1693902859.9033651}
{"Female": 13601, "Male": 28, "analyzed_at": 1693905808.2942133}
{"Female": 0, "Male": 0, "analyzed_at": 1694678546.424399}
{"Female": 11197, "Male": 8, "analyzed_at": 1694702705.2115388}
