{"Depression": [8, 0.5499797463417053], "Anxiety": [8, 0.5499944090843201], "Stress": [3, 0.5499367713928223], "Bipolar disorder": [8, 0.6999915242195129], "Schizophrenia": [7, 0.549926221370697], "Therapy": [8, 0.5499902367591858], "Counseling": [9, 0.5499401092529297], "Psychiatrist": [0, 0.5481360554695129], "Psychologist": [0, 0.5496492981910706], "Mental illness": [6, 0.6999877095222473], "Self-care": [6, 0.36665892601013184], "Coping mechanisms": [9, 0.3666659891605377], "Medication": [9, 0.5499553680419922], "Support group": [8, 0.699982225894928], "Mindfulness": [7, 0.5499476790428162], "Wellness": [3, 0.5497879385948181], "Emotional well-being": [7, 0.5499355792999268], "Stigma": [8, 0.5499509572982788], "Trauma": [9, 0.5499478578567505], "Social isolation": [3, 0.3675841689109802], "Self-esteem": [9, 0.6999733448028564], "Resilience": [6, 0.5480124950408936], "Cognitive therapy": [8, 0.6999650597572327], "Psychiatric hospital": [9, 0.36673834919929504], "Panic attack": [1, 0.6999768614768982], "Obsessive-compulsive disorder (OCD)": [8, 0.2753027677536011], "Post-traumatic stress disorder (PTSD)": [3, 0.2776329517364502], "Suicidal thoughts": [1, 0.36677291989326477], "Eating disorders": [8, 0.36667919158935547], "Addiction": [9, 0.5499311089515686], "Grief": [0, 0.5498225688934326], "Therapist": [3, 0.5498070120811462], "Psychotherapy": [0, 0.10000000149011612], "Mental health awareness": [6, 0.774911105632782], "Positive psychology": [1, 0.36678993701934814], "Mind-body connection": [7, 0.4325259327888489], "Cognitive behavioral therapy (CBT)": [8, 0.4216979146003723], "Self-help": [9, 0.4470318555831909], "Recovery": [8, 0.5499406456947327], "Mental wellness": [6, 0.4371350109577179], "Mood disorders": [8, 0.36666804552078247], "Self-compassion": [9, 0.36690670251846313], "Mental health advocate": [6, 0.5251505374908447], "Schizoaffective disorder": [8, 0.5499913692474365], "Personality disorders": [8, 0.36668387055397034], "Emotional intelligence": [7, 0.5499354600906372], "Art therapy": [8, 0.3666739761829376], "Mindset": [1, 0.5496712923049927], "Holistic health": [6, 0.5499764084815979], "Meditation": [3, 0.5498224496841431], "Breathing exercises": [3, 0.36667096614837646], "Well-being": [0, 0.10000000149011612], "Sleep disorders": [8, 0.36665916442871094], "Dialectical behavior therapy (DBT)": [8, 0.3666934370994568], "Empowerment": [0, 0.10000000149011612], "Support system": [8, 0.5499550700187683], "Therapeutic techniques": [8, 0.6998627185821533], "Mental health stigma": [8, 0.7749778032302856], "Wellness programs": [8, 0.36679795384407043], "Relaxation techniques": [2, 0.366651326417923], "Social anxiety": [8, 0.36668291687965393], "Manic episode": [5, 0.36699435114860535], "Recovery journey": [3, 0.6999405026435852], "Coping strategies": [3, 0.366629958152771], "Mental health education": [8, 0.7749630808830261], "Mental health parity": [6, 0.6999892592430115], "Peer support": [3, 0.6998823881149292], "Emotional regulation": [7, 0.3670453429222107], "Cognitive distortions": [8, 0.5498912930488586], "EMDR therapy": [8, 0.5499902367591858], "Hypnotherapy": [7, 0.10007132589817047], "Mind-wandering": [6, 0.5499284863471985], "Neurodiversity": [0, 0.5481337308883667], "Wellness resources": [6, 0.43670734763145447], "Emotional health": [8, 0.6999241709709167], "Holistic healing": [8, 0.5499218106269836], "Mindful breathing": [1, 0.3669340908527374], "Crisis intervention": [8, 0.3666292130947113], "Substance abuse": [0, 0.699971616268158], "Mental health screening": [6, 0.774898111820221], "Mental health recovery": [8, 0.7749767303466797], "Self-awareness": [3, 0.6999281048774719], "Supportive environment": [5, 0.6998271346092224], "Grief counseling": [9, 0.36674392223358154], "Well-being practices": [8, 0.5499423146247864], "Wellness retreat": [6, 0.43711385130882263], "Self-acceptance": [3, 0.6999229192733765], "Stress management": [8, 0.6999613046646118], "Mindful meditation": [3, 0.3667958080768585]}